District,Candidate 1,Party 1,Votes 1,Percent 1,Winner 1,Incumbent 1,Flipped,Candidate 2,Party 2,Votes 2,Percent 2,Winner 2,Incumbent 2
AK 01,Begich,R,164861,50.03,TRUE,FALSE,FALSE,Peltola,D,156985,47.64,FALSE,TRUE
AL 01,Moore,R,258619,78.48,TRUE,TRUE,FALSE,Holmes,D,70929,21.52,FALSE,FALSE
AL 02,Figures,D,158041,54.6,TRUE,FALSE,FALSE,Dobson,R,131414,45.4,FALSE,FALSE
AL 03,Rogers,R,243848,100,TRUE,TRUE,FALSE,,,,,,
AL 04,Aderholt,R,274498,100,TRUE,TRUE,FALSE,,,,,,
AL 05,Strong,R,250322,100,TRUE,TRUE,FALSE,,,,,,
AL 06,Palmer,R,243741,70.4,TRUE,TRUE,FALSE,Anderson,D,102504,29.6,FALSE,FALSE
AL 07,Sewell,D,186723,63.72,TRUE,TRUE,FALSE,Litaker,R,106312,36.28,FALSE,FALSE
AR 01,Crawford,R,194711,72.88,TRUE,TRUE,FALSE,Govens,D,64113,24,FALSE,FALSE
AR 02,Hill,R,180509,58.93,TRUE,TRUE,FALSE,Jones,D,125777,41.07,FALSE,FALSE
AR 03,Womack,R,192101,63.8,TRUE,TRUE,FALSE,Draper,D,95652,31.77,FALSE,FALSE
AR 04,Westerman,R,197046,72.91,TRUE,TRUE,FALSE,Howard,D,73207,27.09,FALSE,FALSE
AZ 01,Schweikert,R,225538,51.91,TRUE,TRUE,FALSE,Shah,D,208966,48.09,FALSE,FALSE
AZ 02,Crane,R,221413,54.48,TRUE,TRUE,FALSE,Nez,D,184963,45.52,FALSE,FALSE
AZ 03,Ansari,D,143336,70.94,TRUE,FALSE,FALSE,Zink,R,53705,26.58,FALSE,FALSE
AZ 04,Stanton,D,176428,52.74,TRUE,TRUE,FALSE,Cooper,R,152052,45.45,FALSE,FALSE
AZ 05,Biggs,R,255628,60.39,TRUE,TRUE,FALSE,Schaffner,D,167680,39.61,FALSE,FALSE
AZ 06,Ciscomani,R,215596,50.01,TRUE,TRUE,FALSE,Engel,D,204774,47.5,FALSE,FALSE
AZ 07,Grijalva,D,171954,63.45,TRUE,TRUE,FALSE,Butierez,R,99057,36.55,FALSE,FALSE
AZ 08,Hamadeh,R,208269,56.5,TRUE,FALSE,FALSE,Whitten,D,160344,43.5,FALSE,FALSE
AZ 09,Gosar,R,249583,65.3,TRUE,TRUE,FALSE,Smith,D,132640,34.7,FALSE,FALSE
CA 01,LaMalfa,R,208592,65.34,TRUE,TRUE,FALSE,Yee,D,110636,34.66,FALSE,FALSE
CA 02,Huffman,D,272883,71.88,TRUE,TRUE,FALSE,Coulombe,R,106734,28.12,FALSE,FALSE
CA 03,Kiley,R,234246,55.47,TRUE,TRUE,FALSE,Morse,D,188067,44.53,FALSE,FALSE
CA 04,Thompson,D,227730,66.46,TRUE,TRUE,FALSE,Munn,R,114950,33.54,FALSE,FALSE
CA 05,McClintock,R,227643,61.77,TRUE,TRUE,FALSE,Barkley,D,140919,38.23,FALSE,FALSE
CA 06,Bera,D,165408,57.62,TRUE,TRUE,FALSE,Bish,R,121664,42.38,FALSE,FALSE
CA 07,Matsui,D,197429,66.75,TRUE,TRUE,FALSE,Silva,R,98341,33.25,FALSE,FALSE
CA 08,Garamendi,D,201962,73.97,TRUE,TRUE,FALSE,Recile,R,71068,26.03,FALSE,FALSE
CA 09,Harder,D,130183,51.79,TRUE,TRUE,FALSE,Lincoln,R,121174,48.21,FALSE,FALSE
CA 10,DeSaulnier,D,242325,66.47,TRUE,TRUE,FALSE,Piccinini,R,122219,33.53,FALSE,FALSE
CA 11,Pelosi,D,274796,81,TRUE,TRUE,FALSE,Lou,R,64315,19,FALSE,FALSE
CA 12,Simon,D,185176,65.43,TRUE,FALSE,FALSE,Tran,D,97849,34.57,FALSE,FALSE
CA 13,Gray,D,105554,50.04,TRUE,FALSE,FALSE,Duarte,R,105367,49.96,FALSE,TRUE
CA 14,Swalwell,D,187263,67.75,TRUE,TRUE,FALSE,Kruttiventi,R,89125,32.25,FALSE,FALSE
CA 15,Mullin,D,211648,73.1,TRUE,TRUE,FALSE,Kramer,R,77896,26.9,FALSE,FALSE
CA 16,Liccardo,D,179583,58.22,TRUE,FALSE,FALSE,Low,D,128893,41.78,FALSE,FALSE
CA 17,Khanna,D,172462,67.66,TRUE,TRUE,FALSE,Chen,R,82415,32.34,FALSE,FALSE
CA 18,Lofgren,D,147674,64.63,TRUE,TRUE,FALSE,Hernandez,R,80832,35.37,FALSE,FALSE
CA 19,Panetta,D,252458,69.3,TRUE,TRUE,FALSE,Anderson,R,111862,30.7,FALSE,FALSE
CA 20,Fong,R,187862,65.05,TRUE,TRUE,FALSE,Boudreaux,R,100926,34.95,FALSE,FALSE
CA 21,Costa,D,102798,52.57,TRUE,TRUE,FALSE,Maher,R,92733,47.43,FALSE,FALSE
CA 22,Valadao,R,89484,53.42,TRUE,TRUE,FALSE,Salas,D,78023,46.58,FALSE,FALSE
CA 23,Obernolte,R,159286,60.14,TRUE,TRUE,FALSE,Marshall,D,105563,39.86,FALSE,FALSE
CA 24,Carbajal,D,214724,62.7,TRUE,TRUE,FALSE,Cole,R,127755,37.3,FALSE,FALSE
CA 25,Ruiz,D,137837,56.25,TRUE,TRUE,FALSE,Weeks,R,107194,43.75,FALSE,FALSE
CA 26,Brownley,D,187393,56.05,TRUE,TRUE,FALSE,Koslow,R,146913,43.95,FALSE,FALSE
CA 27,Whitesides,D,154040,51.33,TRUE,FALSE,FALSE,Garcia,R,146050,48.67,FALSE,TRUE
CA 28,Chu,D,204489,64.93,TRUE,TRUE,FALSE,Verlato,R,110455,35.07,FALSE,FALSE
CA 29,Rivas,D,146312,69.78,TRUE,FALSE,FALSE,Bernal,R,63374,30.22,FALSE,FALSE
CA 30,Friedman,D,213100,68.38,TRUE,FALSE,FALSE,Balekian,R,98559,31.62,FALSE,FALSE
CA 31,Cisneros,D,148095,59.73,TRUE,FALSE,FALSE,Martinez,R,99856,40.27,FALSE,FALSE
CA 32,Sherman,D,212934,66.2,TRUE,TRUE,FALSE,Thompson,R,108711,33.8,FALSE,FALSE
CA 33,Aguilar,D,137197,58.81,TRUE,TRUE,FALSE,Herman,R,96078,41.19,FALSE,FALSE
CA 34,Gomez,D,105394,55.64,TRUE,TRUE,FALSE,Kim,D,84020,44.36,FALSE,FALSE
CA 35,Torres,D,136413,58.41,TRUE,TRUE,FALSE,Cargile,R,97142,41.59,FALSE,FALSE
CA 36,Lieu,D,246002,68.72,TRUE,TRUE,FALSE,Toomim,R,111985,31.28,FALSE,FALSE
CA 37,Kamlager-Dove,D,160364,78.3,TRUE,TRUE,FALSE,Rey,NX,44450,21.7,FALSE,FALSE
CA 38,Sanchez,D,165110,59.84,TRUE,TRUE,FALSE,Ching,R,110818,40.16,FALSE,FALSE
CA 39,Takano,D,130191,56.69,TRUE,TRUE,FALSE,Serpa,R,99469,43.31,FALSE,FALSE
CA 40,Kim,R,211998,55.26,TRUE,TRUE,FALSE,Kerr,D,171637,44.74,FALSE,FALSE
CA 41,Calvert,R,183216,51.69,TRUE,TRUE,FALSE,Rollins,D,171229,48.31,FALSE,FALSE
CA 42,Garcia,D,159153,68.14,TRUE,TRUE,FALSE,Briscoe,R,74410,31.86,FALSE,FALSE
CA 43,Waters,D,160080,75.07,TRUE,TRUE,FALSE,Williams,R,53152,24.93,FALSE,FALSE
CA 44,Barragan,D,164765,71.37,TRUE,TRUE,FALSE,Groh,R,66087,28.63,FALSE,FALSE
CA 45,Tran,D,158264,50.1,TRUE,FALSE,FALSE,Steel,R,157611,49.9,FALSE,TRUE
CA 46,Correa,D,134013,63.43,TRUE,TRUE,FALSE,Pan,R,77279,36.57,FALSE,FALSE
CA 47,Min,D,181721,51.44,TRUE,FALSE,FALSE,Baugh,R,171554,48.56,FALSE,FALSE
CA 48,Issa,R,213625,59.29,TRUE,TRUE,FALSE,Houlahan,D,146665,40.71,FALSE,FALSE
CA 49,Levin,D,197397,52.17,TRUE,TRUE,FALSE,Gunderson,R,180950,47.83,FALSE,FALSE
CA 50,Peters,D,231836,64.27,TRUE,TRUE,FALSE,Bono,R,128859,35.73,FALSE,FALSE
CA 51,Jacobs,D,198835,60.7,TRUE,TRUE,FALSE,Wells,R,128749,39.3,FALSE,FALSE
CA 52,Vargas,D,172217,66.31,TRUE,TRUE,FALSE,Lee,R,87501,33.69,FALSE,FALSE
CO 01,DeGette,D,264606,76.56,TRUE,TRUE,FALSE,Archuleta,R,74598,21.58,FALSE,FALSE
CO 02,Neguse,D,284994,68.36,TRUE,TRUE,FALSE,Dawson,R,120633,28.94,FALSE,FALSE
CO 03,Hurd,R,201951,50.8,TRUE,FALSE,FALSE,Frisch,D,182147,45.82,FALSE,FALSE
CO 04,Boebert,R,240213,53.64,TRUE,FALSE,FALSE,Calvarese,D,188249,42.04,FALSE,FALSE
CO 05,Crank,R,197924,54.66,TRUE,FALSE,FALSE,Gassen,D,147972,40.87,FALSE,FALSE
CO 06,Crow,D,202686,58.97,TRUE,TRUE,FALSE,Fabbricatore,R,132174,38.46,FALSE,FALSE
CO 07,Pettersen,D,235688,55.34,TRUE,TRUE,FALSE,Matveyuk,R,175273,41.15,FALSE,FALSE
CO 08,Evans,R,163320,48.96,TRUE,FALSE,FALSE,Caraveo,D,160871,48.22,FALSE,TRUE
CT 01,Larson,D,208649,63.13,TRUE,TRUE,FALSE,Griffin,R,115065,34.82,FALSE,FALSE
CT 02,Courtney,D,218162,58.02,TRUE,TRUE,FALSE,France,R,157878,41.98,FALSE,FALSE
CT 03,DeLauro,D,193684,58.91,TRUE,TRUE,FALSE,Massey,R,135113,41.09,FALSE,FALSE
CT 04,Himes,D,200791,61.06,TRUE,TRUE,FALSE,Goldstein,R,122793,37.34,FALSE,FALSE
CT 05,Hayes,D,180268,53.41,TRUE,TRUE,FALSE,Logan,R,157258,46.59,FALSE,FALSE
DE 01,McBride,D,287830,57.86,TRUE,FALSE,FALSE,Whalen,R,209606,42.14,FALSE,FALSE
FL 01,Gaetz,R,274108,66.04,TRUE,TRUE,FALSE,Valimont,D,140980,33.96,FALSE,FALSE
FL 02,Dunn,R,247957,61.64,TRUE,TRUE,FALSE,Bailey,D,154323,38.36,FALSE,FALSE
FL 03,Cammack,R,241174,61.61,TRUE,TRUE,FALSE,Wells,D,150283,38.39,FALSE,FALSE
FL 04,Bean,R,222364,57.27,TRUE,TRUE,FALSE,Holloway,D,165912,42.73,FALSE,FALSE
FL 05,Rutherford,R,267471,63.08,TRUE,TRUE,FALSE,McGovern,D,156570,36.92,FALSE,FALSE
FL 06,Waltz,R,284414,66.54,TRUE,TRUE,FALSE,Stockton,D,143050,33.46,FALSE,FALSE
FL 07,Mills,R,233937,56.53,TRUE,TRUE,FALSE,Adams,D,179917,43.47,FALSE,FALSE
FL 08,Haridopolos,R,280352,62.24,TRUE,FALSE,FALSE,Kennedy,D,170096,37.76,FALSE,FALSE
FL 09,Soto,D,178785,55.13,TRUE,TRUE,FALSE,Chalifoux,R,138076,42.58,FALSE,FALSE
FL 10,Frost,D,181455,62.37,TRUE,TRUE,FALSE,Montague,R,109460,37.63,FALSE,FALSE
FL 11,Webster,R,269277,60.38,TRUE,TRUE,FALSE,Harden Hall,D,176726,39.62,FALSE,FALSE
FL 12,Bilirakis,R,306487,71.04,TRUE,TRUE,FALSE,Aboujaoude,D,124949,28.96,FALSE,FALSE
FL 13,Luna,R,225636,54.82,TRUE,TRUE,FALSE,Fox,D,185930,45.18,FALSE,FALSE
FL 14,Castor,D,199423,56.95,TRUE,TRUE,FALSE,Rochford,R,145643,41.59,FALSE,FALSE
FL 15,Lee,R,195334,56.18,TRUE,TRUE,FALSE,Kemp,D,152361,43.82,FALSE,FALSE
FL 16,Buchanan,R,247516,59.48,TRUE,TRUE,FALSE,Schneider,D,168625,40.52,FALSE,FALSE
FL 17,Steube,R,291347,63.9,TRUE,TRUE,FALSE,Lopez,D,164566,36.1,FALSE,FALSE
FL 18,Franklin,R,225170,65.3,TRUE,TRUE,FALSE,Kale,D,119637,34.7,FALSE,FALSE
FL 19,Donalds,R,275708,66.32,TRUE,TRUE,FALSE,Lerner,D,140038,33.68,FALSE,FALSE
FL 20,Cherfilus-McCormick,D,0,100,TRUE,TRUE,FALSE,,,,,,
FL 21,Mast,R,277435,61.82,TRUE,TRUE,FALSE,Witkop,D,171312,38.18,FALSE,FALSE
FL 22,Frankel,D,201608,54.96,TRUE,TRUE,FALSE,Franzese,R,165248,45.04,FALSE,FALSE
FL 23,Moskowitz,D,196311,52.45,TRUE,TRUE,FALSE,Kaufman,R,178006,47.55,FALSE,FALSE
FL 24,Wilson,D,194874,68.24,TRUE,TRUE,FALSE,Navarro,R,90692,31.76,FALSE,FALSE
FL 25,Wasserman Schultz,D,186942,54.48,TRUE,TRUE,FALSE,Eddy,R,156208,45.52,FALSE,FALSE
FL 26,Diaz-Balart,R,217199,70.92,TRUE,TRUE,FALSE,Atkins,D,89072,29.08,FALSE,FALSE
FL 27,Salazar,R,199159,60.38,TRUE,TRUE,FALSE,Baez-Geller,D,130708,39.62,FALSE,FALSE
FL 28,Gimenez,R,210057,64.57,TRUE,TRUE,FALSE,Ehr,D,115280,35.43,FALSE,FALSE
GA 01,Carter,R,220576,61.98,TRUE,TRUE,FALSE,Hewitt,D,135281,38.02,FALSE,FALSE
GA 02,Bishop,D,176028,56.33,TRUE,TRUE,FALSE,Johnson,R,136473,43.67,FALSE,FALSE
GA 03,Jack,R,273036,66.31,TRUE,FALSE,FALSE,Keller,D,138749,33.69,FALSE,FALSE
GA 04,Johnson,D,229290,75.58,TRUE,TRUE,FALSE,Yu,R,74071,24.42,FALSE,FALSE
GA 05,Williams,D,294470,85.68,TRUE,TRUE,FALSE,Salvesen,R,49221,14.32,FALSE,FALSE
GA 06,McBath,D,277027,74.68,TRUE,TRUE,FALSE,Criswell,R,93909,25.32,FALSE,FALSE
GA 07,McCormick,R,275907,64.85,TRUE,TRUE,FALSE,Christian,D,149535,35.15,FALSE,FALSE
GA 08,Scott,R,231547,68.92,TRUE,TRUE,FALSE,Butler,D,104434,31.08,FALSE,FALSE
GA 09,Clyde,R,271062,69,TRUE,TRUE,FALSE,Cash,D,121754,31,FALSE,FALSE
GA 10,Collins,R,256442,63.05,TRUE,TRUE,FALSE,Doherty,D,150274,36.95,FALSE,FALSE
GA 11,Loudermilk,R,269849,67.31,TRUE,TRUE,FALSE,Stamper,D,131064,32.69,FALSE,FALSE
GA 12,Allen,R,205849,60.32,TRUE,TRUE,FALSE,Johnson,D,135417,39.68,FALSE,FALSE
GA 13,Scott,D,256902,71.83,TRUE,TRUE,FALSE,Chavez,R,100730,28.17,FALSE,FALSE
GA 14,Greene,R,243446,64.37,TRUE,TRUE,FALSE,Harris,D,134759,35.63,FALSE,FALSE
HI 01,Case,D,164237,71.84,TRUE,TRUE,FALSE,Largey,R,64373,28.16,FALSE,FALSE
HI 02,Tokuda,D,166251,66.46,TRUE,TRUE,FALSE,Bond,R,75471,30.17,FALSE,FALSE
IA 01,Miller-Meeks,R,206955,50.1,TRUE,TRUE,FALSE,Bohannan,D,206156,49.9,FALSE,FALSE
IA 02,Hinson,R,233340,57.13,TRUE,TRUE,FALSE,Corkery,D,169740,41.56,FALSE,FALSE
IA 03,Nunn,R,213746,51.92,TRUE,TRUE,FALSE,Baccam,D,197962,48.08,FALSE,FALSE
IA 04,Feenstra,R,250522,67.22,TRUE,TRUE,FALSE,Melton,D,122175,32.78,FALSE,FALSE
ID 01,Fulcher,R,331049,71.01,TRUE,TRUE,FALSE,Peterson,D,118656,25.45,FALSE,FALSE
ID 02,Simpson,R,250119,61.38,TRUE,TRUE,FALSE,Roth,D,126229,30.98,FALSE,FALSE
IL 01,Jackson,D,208398,65.85,TRUE,TRUE,FALSE,Lewis,R,108064,34.15,FALSE,FALSE
IL 02,Kelly,D,195777,67.56,TRUE,TRUE,FALSE,Ramos,R,94004,32.44,FALSE,FALSE
IL 03,Ramirez,D,174825,67.29,TRUE,TRUE,FALSE,Booras,R,84987,32.71,FALSE,FALSE
IL 04,Garcia,D,139343,67.52,TRUE,TRUE,FALSE,Castillo,R,56323,27.29,FALSE,FALSE
IL 05,Quigley,D,251025,68.97,TRUE,TRUE,FALSE,Hanson,R,112931,31.03,FALSE,FALSE
IL 06,Casten,D,196647,54.21,TRUE,TRUE,FALSE,Conforti,R,166116,45.79,FALSE,FALSE
IL 07,Davis,D,222408,83.3,TRUE,TRUE,FALSE,Koppie,R,44598,16.7,FALSE,FALSE
IL 08,Krishnamoorthi,D,172920,57.06,TRUE,TRUE,FALSE,Rice,R,130153,42.94,FALSE,FALSE
IL 09,Schakowsky,D,231722,68.39,TRUE,TRUE,FALSE,Cohen,R,107106,31.61,FALSE,FALSE
IL 10,Schneider,D,196358,59.98,TRUE,TRUE,FALSE,Carris,R,131025,40.02,FALSE,FALSE
IL 11,Foster,D,199825,55.59,TRUE,TRUE,FALSE,Evans,R,159630,44.41,FALSE,FALSE
IL 12,Bost,R,272754,74.19,TRUE,TRUE,FALSE,Roberts,D,94875,25.81,FALSE,FALSE
IL 13,Budzinski,D,191339,58.11,TRUE,TRUE,FALSE,Loyd,R,137917,41.89,FALSE,FALSE
IL 14,Underwood,D,183446,55.1,TRUE,TRUE,FALSE,Marter,R,149464,44.9,FALSE,FALSE
IL 15,Miller,R,308825,100,TRUE,TRUE,FALSE,,,,,,
IL 16,LaHood,R,310925,100,TRUE,TRUE,FALSE,,,,,,
IL 17,Sorensen,D,170261,54.43,TRUE,TRUE,FALSE,McGraw,R,142567,45.57,FALSE,FALSE
IN 01,Mrvan,D,172467,53.44,TRUE,TRUE,FALSE,Niemeyer,R,145056,44.95,FALSE,FALSE
IN 02,Yakym,R,184848,62.74,TRUE,TRUE,FALSE,Camp,D,101962,34.61,FALSE,FALSE
IN 03,Stutzman,R,202653,65.05,TRUE,FALSE,FALSE,Adolph,D,97871,31.42,FALSE,FALSE
IN 04,Baird,R,209794,64.83,TRUE,TRUE,FALSE,Holder,D,100091,30.93,FALSE,FALSE
IN 05,Spartz,R,203293,56.6,TRUE,TRUE,FALSE,Pickett,D,136554,38.02,FALSE,FALSE
IN 06,Shreve,R,201357,63.94,TRUE,FALSE,FALSE,Wirth,D,99841,31.7,FALSE,FALSE
IN 07,Carson,D,185987,68.34,TRUE,TRUE,FALSE,Schmitz,R,78792,28.95,FALSE,FALSE
IN 08,Messmer,R,219941,67.96,TRUE,FALSE,FALSE,Hurt,D,95311,29.45,FALSE,FALSE
IN 09,Houchin,R,222884,64.47,TRUE,TRUE,FALSE,Peck,D,113400,32.8,FALSE,FALSE
KS 01,Mann,R,210493,69.14,TRUE,TRUE,FALSE,Buskirk,D,93965,30.86,FALSE,FALSE
KS 02,Schmidt,R,172847,57.09,TRUE,FALSE,FALSE,Boyda,D,115685,38.21,FALSE,FALSE
KS 03,Davids,D,209871,53.36,TRUE,TRUE,FALSE,Reddy,R,167570,42.6,FALSE,FALSE
KS 04,Estes,R,198465,65.05,TRUE,TRUE,FALSE,Freeman,D,106632,34.95,FALSE,FALSE
KY 01,Comer,R,252729,74.72,TRUE,TRUE,FALSE,Marshall,D,85524,25.28,FALSE,FALSE
KY 02,Guthrie,R,252826,73.1,TRUE,TRUE,FALSE,Linderman,D,93029,26.9,FALSE,FALSE
KY 03,McGarvey,D,203100,61.96,TRUE,TRUE,FALSE,Craven,R,124713,38.04,FALSE,FALSE
KY 04,Massie,R,278386,100,TRUE,TRUE,FALSE,,,,,,
KY 05,Rogers,R,261407,100,TRUE,TRUE,FALSE,,,,,,
KY 06,Barr,R,222293,63.04,TRUE,TRUE,FALSE,Cravens,D,130345,36.96,FALSE,FALSE
LA 01,Scalise,R,238842,66.77,TRUE,TRUE,FALSE,Manuel,D,85911,24.02,FALSE,FALSE
LA 02,Carter,D,184009,60.29,TRUE,TRUE,FALSE,Lynch,R,41641,13.64,FALSE,FALSE
LA 03,Higgins,R,226279,70.56,TRUE,TRUE,FALSE,Gonzalez,D,59834,18.66,FALSE,FALSE
LA 04,Johnson,R,262821,85.82,TRUE,TRUE,FALSE,Morott,R,43427,14.18,FALSE,FALSE
LA 05,Letlow,R,201037,62.85,TRUE,TRUE,FALSE,Vallien,D,82981,25.94,FALSE,FALSE
LA 06,Fields,D,150323,50.78,TRUE,FALSE,FALSE,Guillory,R,111737,37.74,FALSE,FALSE
MA 01,Neal,D,223325,62.58,TRUE,TRUE,FALSE,Milleron,I,133552,37.42,FALSE,FALSE
MA 02,McGovern,D,251441,68.79,TRUE,TRUE,FALSE,Shea,I,114065,31.21,FALSE,FALSE
MA 03,Trahan,D,264698,100,TRUE,TRUE,FALSE,,,,,,
MA 04,Auchincloss,D,289347,100,TRUE,TRUE,FALSE,,,,,,
MA 05,Clark,D,286689,100,TRUE,TRUE,FALSE,,,,,,
MA 06,Moulton,D,321186,100,TRUE,TRUE,FALSE,,,,,,
MA 07,Pressley,D,232094,100,TRUE,TRUE,FALSE,,,,,,
MA 08,Lynch,D,265432,70.58,TRUE,TRUE,FALSE,Burke,R,110638,29.42,FALSE,FALSE
MA 09,Keating,D,251931,56.52,TRUE,TRUE,FALSE,Sullivan,R,193822,43.48,FALSE,FALSE
MD 01,Harris,R,246356,59.51,TRUE,TRUE,FALSE,Miller,D,154985,37.44,FALSE,FALSE
MD 02,Olszewski,D,223797,58.27,TRUE,FALSE,FALSE,Klacik,R,152079,39.6,FALSE,FALSE
MD 03,Elfreth,D,236681,59.42,TRUE,FALSE,FALSE,Steinberger,R,151186,37.95,FALSE,FALSE
MD 04,Ivey,D,239596,88.72,TRUE,TRUE,FALSE,McDermott,R,30454,11.28,FALSE,FALSE
MD 05,Hoyer,D,283619,67.92,TRUE,TRUE,FALSE,Talkington,R,133985,32.08,FALSE,FALSE
MD 06,McClain Delaney,D,199788,53.17,TRUE,FALSE,FALSE,Parrott,R,175974,46.83,FALSE,FALSE
MD 07,Mfume,D,232849,80.43,TRUE,TRUE,FALSE,Collier,R,49799,17.2,FALSE,FALSE
MD 08,Raskin,D,292101,76.96,TRUE,TRUE,FALSE,Riley,R,77821,20.5,FALSE,FALSE
ME 01,Pingree,D,249948,58.69,TRUE,TRUE,FALSE,Russell,R,155076,36.41,FALSE,FALSE
ME 02,Golden,D,197151,50.47,TRUE,TRUE,FALSE,Theriault,R,194445,49.78,FALSE,FALSE
MI 01,Bergman,R,282264,59.15,TRUE,TRUE,FALSE,Barr,D,180937,37.92,FALSE,FALSE
MI 02,Moolenaar,R,279167,65.14,TRUE,TRUE,FALSE,Lynch,D,135824,31.69,FALSE,FALSE
MI 03,Scholten,D,225510,53.66,TRUE,TRUE,FALSE,Hudson,R,183952,43.77,FALSE,FALSE
MI 04,Huizenga,R,234489,55.07,TRUE,TRUE,FALSE,Swartz,D,184641,43.36,FALSE,FALSE
MI 05,Walberg,R,269215,65.68,TRUE,TRUE,FALSE,Urban,D,134282,32.76,FALSE,FALSE
MI 06,Dingell,D,281162,62.02,TRUE,TRUE,FALSE,Smiley,R,158658,35,FALSE,FALSE
MI 07,Barrett,R,226722,50.28,TRUE,FALSE,FALSE,Hertel,D,209959,46.56,FALSE,FALSE
MI 08,McDonald Rivet,D,217490,51.25,TRUE,FALSE,FALSE,Junge,R,189317,44.61,FALSE,FALSE
MI 09,McClain,R,312593,66.76,TRUE,TRUE,FALSE,St. Mosley,D,138138,29.5,FALSE,FALSE
MI 10,James,R,217437,51.13,TRUE,TRUE,FALSE,Marlinga,D,191363,44.99,FALSE,FALSE
MI 11,Stevens,D,260780,58.22,TRUE,TRUE,FALSE,Somberg,R,177432,39.61,FALSE,FALSE
MI 12,Tlaib,D,253354,69.7,TRUE,TRUE,FALSE,Hooper,R,92490,25.44,FALSE,FALSE
MI 13,Thanedar,D,220788,68.65,TRUE,TRUE,FALSE,Bivings,R,78917,24.54,FALSE,FALSE
MN 01,Finstad,R,220929,58.55,TRUE,TRUE,FALSE,Bohman,D,156375,41.45,FALSE,FALSE
MN 02,Craig,D,231751,55.59,TRUE,TRUE,FALSE,Teirab,R,175621,42.13,FALSE,FALSE
MN 03,Morrison,D,240209,58.5,TRUE,FALSE,FALSE,Jude,R,170427,41.5,FALSE,FALSE
MN 04,McCollum,D,242802,67.37,TRUE,TRUE,FALSE,Xiong,R,117618,32.63,FALSE,FALSE
MN 05,Omar,D,261066,75.17,TRUE,TRUE,FALSE,Al-Aqidi,R,86213,24.83,FALSE,FALSE
MN 06,Emmer,R,260095,62.53,TRUE,TRUE,FALSE,Hendricks,D,155836,37.47,FALSE,FALSE
MN 07,Fischbach,R,275098,70.52,TRUE,TRUE,FALSE,Peters,D,114979,29.48,FALSE,FALSE
MN 08,Stauber,R,244498,58.04,TRUE,TRUE,FALSE,Schultz,D,176724,41.96,FALSE,FALSE
MO 01,Bell,D,233312,75.93,TRUE,FALSE,FALSE,Jones,R,56453,18.37,FALSE,FALSE
MO 02,Wagner,R,233444,54.49,TRUE,TRUE,FALSE,Hartmann,D,182056,42.5,FALSE,FALSE
MO 03,Onder,R,240620,61.31,TRUE,FALSE,FALSE,Mann,D,138532,35.3,FALSE,FALSE
MO 04,Alford,R,259886,71.07,TRUE,TRUE,FALSE,Cass,D,96568,26.41,FALSE,FALSE
MO 05,Cleaver,D,199900,60.22,TRUE,TRUE,FALSE,Smith,R,120957,36.44,FALSE,FALSE
MO 06,Graves,R,265210,70.69,TRUE,TRUE,FALSE,May,D,100999,26.92,FALSE,FALSE
MO 07,Burlison,R,263231,71.56,TRUE,TRUE,FALSE,Hesketh,D,96655,26.27,FALSE,FALSE
MO 08,Smith,R,271249,76.18,TRUE,TRUE,FALSE,McCallian,D,77649,21.81,FALSE,FALSE
MS 01,Kelly,R,223589,69.81,TRUE,TRUE,FALSE,Black,D,96697,30.19,FALSE,FALSE
MS 02,Thompson,D,177885,62.02,TRUE,TRUE,FALSE,Eller,R,108956,37.98,FALSE,FALSE
MS 03,Guest,R,263239,100,TRUE,TRUE,FALSE,,,,,,
MS 04,Ezell,R,215095,73.95,TRUE,TRUE,FALSE,Raybon,D,75771,26.05,FALSE,FALSE
MT 01,Zinke,R,168529,52.29,TRUE,TRUE,FALSE,Tranel,D,143783,44.62,FALSE,FALSE
MT 02,Downing,R,181832,65.99,TRUE,FALSE,FALSE,Driscoll,D,93713,34.01,FALSE,FALSE
NC 01,Davis,D,186341,49.52,TRUE,TRUE,FALSE,Buckhout,R,180034,47.84,FALSE,FALSE
NC 02,Ross,D,268662,66.25,TRUE,TRUE,FALSE,Swain,R,128164,31.61,FALSE,FALSE
NC 03,Murphy,R,248276,77.38,TRUE,TRUE,FALSE,Cormos,LB,72565,22.62,FALSE,FALSE
NC 04,Foushee,D,308064,71.85,TRUE,TRUE,FALSE,Blankenburg,R,112084,26.14,FALSE,FALSE
NC 05,Foxx,R,238304,59.47,TRUE,TRUE,FALSE,Hubbard,D,162390,40.53,FALSE,FALSE
NC 06,McDowell,R,233303,69.16,TRUE,FALSE,FALSE,Hayes,CS,104017,30.84,FALSE,FALSE
NC 07,Rouzer,R,254022,58.59,TRUE,TRUE,FALSE,Pridgen,D,179512,41.41,FALSE,FALSE
NC 08,Harris,R,238640,59.61,TRUE,FALSE,FALSE,Dues,D,161709,40.39,FALSE,FALSE
NC 09,Hudson,R,210042,56.3,TRUE,TRUE,FALSE,Bristow,D,140852,37.75,FALSE,FALSE
NC 10,Harrigan,R,233814,57.49,TRUE,FALSE,FALSE,Scott,D,155383,38.21,FALSE,FALSE
NC 11,Edwards,R,245546,56.77,TRUE,TRUE,FALSE,Rudow,D,186977,43.23,FALSE,FALSE
NC 12,Adams,D,259627,74.02,TRUE,TRUE,FALSE,Ali,R,91128,25.98,FALSE,FALSE
NC 13,Knott,R,243655,58.64,TRUE,FALSE,FALSE,Pierce,D,171835,41.36,FALSE,FALSE
NC 14,Moore,R,232987,58.06,TRUE,FALSE,FALSE,Genant,D,168269,41.94,FALSE,FALSE
ND 01,Fedorchak,R,249101,69.52,TRUE,FALSE,FALSE,Hammer,D,109231,30.48,FALSE,FALSE
NE 01,Flood,R,187559,60.1,TRUE,TRUE,FALSE,Blood,D,124498,39.9,FALSE,FALSE
NE 02,Bacon,R,160198,50.93,TRUE,TRUE,FALSE,Vargas,D,154369,49.07,FALSE,FALSE
NE 03,Smith,R,243481,80.42,TRUE,TRUE,FALSE,Ebers,D,59287,19.58,FALSE,FALSE
NH 01,Pappas,D,218577,54.03,TRUE,TRUE,FALSE,Prescott,R,185936,45.97,FALSE,FALSE
NH 02,Goodlander,D,211641,52.98,TRUE,FALSE,FALSE,Tang Williams,R,187810,47.02,FALSE,FALSE
NJ 01,Norcross,D,208808,57.83,TRUE,TRUE,FALSE,Liddell,R,144390,39.99,FALSE,FALSE
NJ 02,Van Drew,R,215946,58.11,TRUE,TRUE,FALSE,Salerno,D,153117,41.2,FALSE,FALSE
NJ 03,Conaway,D,202034,53.24,TRUE,FALSE,FALSE,Mohan,R,169454,44.65,FALSE,FALSE
NJ 04,Smith,R,265652,67.39,TRUE,TRUE,FALSE,Jenkins,D,124803,31.66,FALSE,FALSE
NJ 05,Gottheimer,D,208359,54.56,TRUE,TRUE,FALSE,Guinchard,R,165287,43.28,FALSE,FALSE
NJ 06,Pallone,D,170275,56.07,TRUE,TRUE,FALSE,Fegler,R,122519,40.34,FALSE,FALSE
NJ 07,Kean Jr.,R,223331,51.77,TRUE,TRUE,FALSE,Altman,D,200025,46.37,FALSE,FALSE
NJ 08,Menendez,D,116434,59.17,TRUE,TRUE,FALSE,Valdes,R,68152,34.64,FALSE,FALSE
NJ 09,Pou,D,130514,50.78,TRUE,FALSE,FALSE,Prempeh,R,117939,45.89,FALSE,FALSE
NJ 10,McIver,D,182020,74.42,TRUE,TRUE,FALSE,Bucco,R,54405,22.24,FALSE,FALSE
NJ 11,Sherrill,D,222583,56.53,TRUE,TRUE,FALSE,Belnome,R,164556,41.79,FALSE,FALSE
NJ 12,Watson Coleman,D,196871,61.2,TRUE,TRUE,FALSE,Mayfield,R,117222,36.44,FALSE,FALSE
NM 01,Stansbury,D,193203,56.37,TRUE,TRUE,FALSE,Jones,R,149546,43.63,FALSE,FALSE
NM 02,Vasquez,D,138177,52.08,TRUE,TRUE,FALSE,Herrell,R,127145,47.92,FALSE,FALSE
NM 03,Leger Fernandez,D,162342,56.29,TRUE,TRUE,FALSE,Clahchischilliage,R,126085,43.71,FALSE,FALSE
NV 01,Titus,D,167885,51.99,TRUE,TRUE,FALSE,Robertson,R,143650,44.49,FALSE,FALSE
NV 02,Amodei,R,219919,55.04,TRUE,TRUE,FALSE,Kidd,NF,144064,36.05,FALSE,FALSE
NV 03,Lee,D,191304,51.37,TRUE,TRUE,FALSE,Johnson,R,181084,48.63,FALSE,FALSE
NV 04,Horsford,D,174926,52.66,TRUE,TRUE,FALSE,Lee,R,148061,44.57,FALSE,FALSE
NY 01,LaLota,R,226285,55.22,TRUE,TRUE,FALSE,Avlon,D,183540,44.78,FALSE,FALSE
NY 02,Garbarino,R,202597,59.77,TRUE,TRUE,FALSE,Lubin,D,136371,40.23,FALSE,FALSE
NY 03,Suozzi,D,187651,51.79,TRUE,TRUE,FALSE,LiPetri,R,174693,48.21,FALSE,FALSE
NY 04,Gillen,D,191760,51.15,TRUE,FALSE,FALSE,D'Esposito,R,183157,48.85,FALSE,TRUE
NY 05,Meeks,D,168425,72.93,TRUE,TRUE,FALSE,King,R,62529,27.07,FALSE,FALSE
NY 06,Meng,D,120205,60.7,TRUE,TRUE,FALSE,Zmich,R,74559,37.65,FALSE,FALSE
NY 07,Velazquez,D,172795,78.11,TRUE,TRUE,FALSE,Kregler,R,48435,21.89,FALSE,FALSE
NY 08,Jeffries,D,168036,75.39,TRUE,TRUE,FALSE,Delaney,R,54863,24.61,FALSE,FALSE
NY 09,Clarke,D,173207,74.25,TRUE,TRUE,FALSE,Raitport,R,60064,25.75,FALSE,FALSE
NY 10,Goldman,D,206206,82.32,TRUE,TRUE,FALSE,Dodenhoff,R,37555,14.99,FALSE,FALSE
NY 11,Malliotakis,R,167099,64.1,TRUE,TRUE,FALSE,Morse,D,93586,35.9,FALSE,FALSE
NY 12,Nadler,D,260165,80.51,TRUE,TRUE,FALSE,Zumbluskas,R,62989,19.49,FALSE,FALSE
NY 13,Espaillat,D,181800,83.54,TRUE,TRUE,FALSE,Vargas,R,35822,16.46,FALSE,FALSE
NY 14,Ocasio-Cortez,D,132714,69.2,TRUE,TRUE,FALSE,Forte,R,59078,30.8,FALSE,FALSE
NY 15,Torres,D,130392,76.48,TRUE,TRUE,FALSE,Duran,R,36010,21.12,FALSE,FALSE
NY 16,Latimer,D,217668,71.58,TRUE,FALSE,FALSE,Flisser,R,86408,28.42,FALSE,FALSE
NY 17,Lawler,R,197845,52.16,TRUE,TRUE,FALSE,Jones,D,173899,45.85,FALSE,FALSE
NY 18,Ryan,D,207106,57.17,TRUE,TRUE,FALSE,Esposito,R,155129,42.83,FALSE,FALSE
NY 19,Riley,D,192647,51.11,TRUE,FALSE,FALSE,Molinaro,R,184290,48.89,FALSE,TRUE
NY 20,Tonko,D,221997,61.13,TRUE,TRUE,FALSE,Waltz,R,141151,38.87,FALSE,FALSE
NY 21,Stefanik,R,215996,61.99,TRUE,TRUE,FALSE,Collins,D,132447,38.01,FALSE,FALSE
NY 22,Mannion,D,194450,54.56,TRUE,FALSE,FALSE,Williams,R,161939,45.44,FALSE,TRUE
NY 23,Langworthy,R,246969,65.79,TRUE,TRUE,FALSE,Carle,D,128397,34.21,FALSE,FALSE
NY 24,Tenney,R,235867,65.67,TRUE,TRUE,FALSE,Wagenhauser,D,123317,34.33,FALSE,FALSE
NY 25,Morelle,D,219175,60.82,TRUE,TRUE,FALSE,Sadwick,R,141195,39.18,FALSE,FALSE
NY 26,Kennedy,D,209131,65.17,TRUE,TRUE,FALSE,Marecki,R,111772,34.83,FALSE,FALSE
OH 01,Landsman,D,213916,54.58,TRUE,TRUE,FALSE,Sonza,R,177993,45.42,FALSE,FALSE
OH 02,Taylor,R,268211,73.56,TRUE,FALSE,FALSE,Meadows,D,96401,26.44,FALSE,FALSE
OH 03,Beatty,D,242632,70.74,TRUE,TRUE,FALSE,Young,R,100355,29.26,FALSE,FALSE
OH 04,Jordan,R,273297,68.46,TRUE,TRUE,FALSE,Wilson,D,125905,31.54,FALSE,FALSE
OH 05,Latta,R,255633,67.51,TRUE,TRUE,FALSE,Mundy,D,123024,32.49,FALSE,FALSE
OH 06,Rulli,R,245860,66.74,TRUE,TRUE,FALSE,Kripchak,D,122515,33.26,FALSE,FALSE
OH 07,Miller,R,204494,51.08,TRUE,TRUE,FALSE,Diemer,D,144613,36.12,FALSE,FALSE
OH 08,Davidson,R,237503,62.81,TRUE,TRUE,FALSE,Enoch,D,140625,37.19,FALSE,FALSE
OH 09,Kaptur,D,181098,48.27,TRUE,TRUE,FALSE,Merrin,R,178716,47.63,FALSE,FALSE
OH 10,Turner,R,213695,57.64,TRUE,TRUE,FALSE,Cox,D,145420,39.22,FALSE,FALSE
OH 11,Brown,D,236883,78.34,TRUE,TRUE,FALSE,Rapoport,R,59394,19.64,FALSE,FALSE
OH 12,Balderson,R,260450,68.51,TRUE,TRUE,FALSE,Christian,D,119738,31.49,FALSE,FALSE
OH 13,Sykes,D,197466,51.11,TRUE,TRUE,FALSE,Coughlin,R,188924,48.89,FALSE,FALSE
OH 14,Joyce,R,243427,63.42,TRUE,TRUE,FALSE,Kenderes,D,140431,36.58,FALSE,FALSE
OH 15,Carey,R,196338,56.46,TRUE,TRUE,FALSE,Miller,D,151411,43.54,FALSE,FALSE
OK 01,Hern,R,188832,60.43,TRUE,TRUE,FALSE,Baker,D,107903,34.53,FALSE,FALSE
OK 02,Brecheen,R,238123,74.18,TRUE,TRUE,FALSE,Wade,D,68841,21.44,FALSE,FALSE
OK 03,Lucas,R,0,100,TRUE,TRUE,FALSE,,,,,,
OK 04,Cole,R,199962,65.25,TRUE,TRUE,FALSE,Brannon,D,86641,28.27,FALSE,FALSE
OK 05,Bice,R,207636,60.69,TRUE,TRUE,FALSE,Horn,D,134471,39.31,FALSE,FALSE
OR 01,Bonamici,D,241556,68.76,TRUE,TRUE,FALSE,Todd,R,98908,28.15,FALSE,FALSE
OR 02,Bentz,R,224601,63.95,TRUE,TRUE,FALSE,Ruby,D,115337,32.84,FALSE,FALSE
OR 03,Dexter,D,226405,67.88,TRUE,FALSE,FALSE,Harbour,R,84344,25.29,FALSE,FALSE
OR 04,Hoyle,D,195862,51.77,TRUE,TRUE,FALSE,DeSpain,R,166430,43.99,FALSE,FALSE
OR 05,Bynum,D,191365,47.75,TRUE,FALSE,FALSE,Chavez-DeRemer,R,180420,45.02,FALSE,TRUE
OR 06,Salinas,D,180869,53.43,TRUE,TRUE,FALSE,Erickson,R,157634,46.57,FALSE,FALSE
PA 01,Fitzpatrick,R,261390,56.4,TRUE,TRUE,FALSE,Ehasz,D,202042,43.6,FALSE,FALSE
PA 02,Boyle,D,193691,71.46,TRUE,TRUE,FALSE,Bashir,R,77355,28.54,FALSE,FALSE
PA 03,Evans,D,340223,100,TRUE,TRUE,FALSE,,,,,,
PA 04,Dean,D,269066,59.07,TRUE,TRUE,FALSE,Winkler,R,186457,40.93,FALSE,FALSE
PA 05,Scanlon,D,267754,65.29,TRUE,TRUE,FALSE,Goodwin,R,142355,34.71,FALSE,FALSE
PA 06,Houlahan,D,235625,56.2,TRUE,TRUE,FALSE,Young,R,183638,43.8,FALSE,FALSE
PA 07,Mackenzie,R,203688,50.5,TRUE,FALSE,FALSE,Wild,D,199626,49.5,FALSE,TRUE
PA 08,Bresnahan,R,195663,50.81,TRUE,FALSE,FALSE,Cartwright,D,189411,49.19,FALSE,TRUE
PA 09,Meuser,R,276212,70.51,TRUE,TRUE,FALSE,Waldman,D,115523,29.49,FALSE,FALSE
PA 10,Perry,R,205567,50.63,TRUE,TRUE,FALSE,Stelson,D,200434,49.37,FALSE,FALSE
PA 11,Smucker,R,253672,62.9,TRUE,TRUE,FALSE,Atkinson,D,149641,37.1,FALSE,FALSE
PA 12,Lee,D,234802,56.41,TRUE,TRUE,FALSE,Hayes,R,181426,43.59,FALSE,FALSE
PA 13,Joyce,R,301460,74.2,TRUE,TRUE,FALSE,Farnham,D,104823,25.8,FALSE,FALSE
PA 14,Reschenthaler,R,268380,66.57,TRUE,TRUE,FALSE,Dziados,D,134755,33.43,FALSE,FALSE
PA 15,Thompson,R,279027,71.47,TRUE,TRUE,FALSE,Womer,D,111408,28.53,FALSE,FALSE
PA 16,Kelly,R,256923,63.65,TRUE,TRUE,FALSE,Nouri,D,146709,36.35,FALSE,FALSE
PA 17,Deluzio,D,242838,53.88,TRUE,TRUE,FALSE,Mercuri,R,207900,46.12,FALSE,FALSE
RI 01,Amo,D,139352,63.18,TRUE,TRUE,FALSE,Waters,R,70742,32.07,FALSE,FALSE
RI 02,Magaziner,D,153439,58.38,TRUE,TRUE,FALSE,Corvi,R,109381,41.62,FALSE,FALSE
SC 01,Mace,R,227502,58.32,TRUE,TRUE,FALSE,Moore,D,162582,41.68,FALSE,FALSE
SC 02,Wilson,R,211514,59.67,TRUE,TRUE,FALSE,Robinson,D,142985,40.33,FALSE,FALSE
SC 03,Biggs,R,248451,71.79,TRUE,FALSE,FALSE,Best,D,87735,25.35,FALSE,FALSE
SC 04,Timmons,R,206916,59.86,TRUE,TRUE,FALSE,Harvey,D,128976,37.31,FALSE,FALSE
SC 05,Norman,R,228260,63.61,TRUE,TRUE,FALSE,Hundley,D,130592,36.39,FALSE,FALSE
SC 06,Clyburn,D,182056,59.56,TRUE,TRUE,FALSE,Buckner,R,112360,36.76,FALSE,FALSE
SC 07,Fry,R,240326,64.98,TRUE,TRUE,FALSE,Hyman,D,129522,35.02,FALSE,FALSE
SD 01,Johnson,R,303630,72.04,TRUE,TRUE,FALSE,Johnson,D,117818,27.96,FALSE,FALSE
TN 01,Harshbarger,R,257825,78.08,TRUE,TRUE,FALSE,Jenkins,D,64021,19.39,FALSE,FALSE
TN 02,Burchett,R,250782,69.26,TRUE,TRUE,FALSE,George,D,111316,30.74,FALSE,FALSE
TN 03,Fleischmann,R,236519,67.51,TRUE,TRUE,FALSE,Allen,D,102841,29.36,FALSE,FALSE
TN 04,DesJarlais,R,219133,69.95,TRUE,TRUE,FALSE,Broderick,D,83832,26.76,FALSE,FALSE
TN 05,Ogles,R,205075,56.85,TRUE,TRUE,FALSE,Abolfazli,D,142387,39.47,FALSE,FALSE
TN 06,Rose,R,225543,68,TRUE,TRUE,FALSE,Bergman,D,106144,32,FALSE,FALSE
TN 07,Green,R,191992,59.5,TRUE,TRUE,FALSE,Barry,D,122764,38.05,FALSE,FALSE
TN 08,Kustoff,R,240411,72.34,TRUE,TRUE,FALSE,Freeman,D,85043,25.59,FALSE,FALSE
TN 09,Cohen,D,159522,71.31,TRUE,TRUE,FALSE,Bergmann,R,57411,25.66,FALSE,FALSE
TX 01,Moran,R,258523,100,TRUE,TRUE,FALSE,,,,,,
TX 02,Crenshaw,R,214631,65.66,TRUE,TRUE,FALSE,Filler,D,112252,34.34,FALSE,FALSE
TX 03,Self,R,237794,62.45,TRUE,TRUE,FALSE,Srivastava,D,142953,37.55,FALSE,FALSE
TX 04,Fallon,R,241603,68.38,TRUE,TRUE,FALSE,Cardell,D,111696,31.62,FALSE,FALSE
TX 05,Gooden,R,192185,64.08,TRUE,TRUE,FALSE,Torres,D,107712,35.92,FALSE,FALSE
TX 06,Ellzey,R,188119,65.68,TRUE,TRUE,FALSE,Love,D,98319,34.32,FALSE,FALSE
TX 07,Fletcher,D,149820,61.28,TRUE,TRUE,FALSE,Kane,R,94651,38.72,FALSE,FALSE
TX 08,Luttrell,R,233423,68.22,TRUE,TRUE,FALSE,Jones,D,108754,31.78,FALSE,FALSE
TX 09,Green,D,184141,100,TRUE,TRUE,FALSE,,,,,,
TX 10,McCaul,R,221229,63.6,TRUE,TRUE,FALSE,Boisseau,D,118280,34.01,FALSE,FALSE
TX 11,Pfluger,R,211975,100,TRUE,TRUE,FALSE,,,,,,
TX 12,Goldman,R,215564,63.45,TRUE,FALSE,FALSE,Hunt,D,124154,36.55,FALSE,FALSE
TX 13,Jackson,R,240622,100,TRUE,TRUE,FALSE,,,,,,
TX 14,Weber,R,210320,68.69,TRUE,TRUE,FALSE,Hart,D,95875,31.31,FALSE,FALSE
TX 15,De La Cruz,R,127804,57.11,TRUE,TRUE,FALSE,Vallejo,D,95965,42.89,FALSE,FALSE
TX 16,Escobar,D,131391,59.54,TRUE,TRUE,FALSE,Armendariz Jackson,R,89281,40.46,FALSE,FALSE
TX 17,Sessions,R,193101,66.35,TRUE,TRUE,FALSE,Lorenzen,D,97941,33.65,FALSE,FALSE
TX 18,Turner,D,151834,69.44,TRUE,FALSE,FALSE,Centonze,R,66810,30.56,FALSE,FALSE
TX 19,Arrington,R,214950,80.69,TRUE,TRUE,FALSE,Lewis,I,27461,10.31,FALSE,FALSE
TX 20,Castro,D,157890,100,TRUE,TRUE,FALSE,,,,,,
TX 21,Roy,R,263744,61.85,TRUE,TRUE,FALSE,Hook,D,153765,36.06,FALSE,FALSE
TX 22,Nehls,R,209285,62.12,TRUE,TRUE,FALSE,Greene-Scott,D,127604,37.88,FALSE,FALSE
TX 23,Gonzales,R,180720,62.3,TRUE,TRUE,FALSE,Limon,D,109373,37.7,FALSE,FALSE
TX 24,Van Duyne,R,227108,60.3,TRUE,TRUE,FALSE,Eppler,D,149518,39.7,FALSE,FALSE
TX 25,Williams,R,263042,100,TRUE,TRUE,FALSE,,,,,,
TX 26,Gill,R,241096,62.07,TRUE,FALSE,FALSE,Lineberger,D,138558,35.67,FALSE,FALSE
TX 27,Cloud,R,183980,66.04,TRUE,TRUE,FALSE,Lloyd,D,94596,33.96,FALSE,FALSE
TX 28,Cuellar,D,125490,52.81,TRUE,TRUE,FALSE,Furman,R,112117,47.19,FALSE,FALSE
TX 29,Garcia,D,99379,65.29,TRUE,TRUE,FALSE,Garza,R,52830,34.71,FALSE,FALSE
TX 30,Crockett,D,197650,84.89,TRUE,TRUE,FALSE,Jefferson,LB,35175,15.11,FALSE,FALSE
TX 31,Carter,R,229087,64.43,TRUE,TRUE,FALSE,Whitlow,D,126470,35.57,FALSE,FALSE
TX 32,Johnson,D,140536,60.45,TRUE,FALSE,FALSE,Day,R,85941,36.97,FALSE,FALSE
TX 33,Veasey,D,114289,68.79,TRUE,TRUE,FALSE,Gillespie,R,51864,31.21,FALSE,FALSE
TX 34,Gonzalez,D,102780,51.29,TRUE,TRUE,FALSE,Flores,R,97603,48.71,FALSE,FALSE
TX 35,Casar,D,170509,67.36,TRUE,TRUE,FALSE,Wright,R,82610,32.64,FALSE,FALSE
TX 36,Babin,R,206009,69.36,TRUE,TRUE,FALSE,Steele,D,91009,30.64,FALSE,FALSE
TX 37,Doggett,D,252980,74.22,TRUE,TRUE,FALSE,Garcia Sharon,R,80366,23.58,FALSE,FALSE
TX 38,Hunt,R,215030,62.75,TRUE,TRUE,FALSE,McDonough,D,127640,37.25,FALSE,FALSE
UT 01,Moore,R,230975,63.13,TRUE,TRUE,FALSE,Campbell,D,117319,32.06,FALSE,FALSE
UT 02,Maloy,R,205234,58,TRUE,TRUE,FALSE,Woodward,D,121114,34.23,FALSE,FALSE
UT 03,Kennedy,R,242496,66.39,TRUE,FALSE,FALSE,Wright,D,122780,33.61,FALSE,FALSE
UT 04,Owens,R,230627,63.42,TRUE,TRUE,FALSE,Fallick-Wang,D,109838,30.2,FALSE,FALSE
VA 01,Wittman,R,269657,56.4,TRUE,TRUE,FALSE,Mehta,D,208445,43.6,FALSE,FALSE
VA 02,Kiggans,R,207368,50.8,TRUE,TRUE,FALSE,Cotter Smasal,D,191666,46.95,FALSE,FALSE
VA 03,Scott,D,219926,70.1,TRUE,TRUE,FALSE,Sitka,R,93801,29.9,FALSE,FALSE
VA 04,McClellan,D,252885,67.49,TRUE,TRUE,FALSE,Moher,R,121814,32.51,FALSE,FALSE
VA 05,McGuire,R,249564,57.53,TRUE,FALSE,FALSE,Witt,D,184229,42.47,FALSE,FALSE
VA 06,Cline,R,256933,63.2,TRUE,TRUE,FALSE,Mitchell,D,141612,34.83,FALSE,FALSE
VA 07,Vindman,D,203336,51.32,TRUE,FALSE,FALSE,Anderson,R,192847,48.68,FALSE,FALSE
VA 08,Beyer,D,274593,71.72,TRUE,TRUE,FALSE,Torres,R,94676,24.73,FALSE,FALSE
VA 09,Griffith,R,290645,72.62,TRUE,TRUE,FALSE,Baker,D,109570,27.38,FALSE,FALSE
VA 10,Subramanyam,D,215131,52.28,TRUE,FALSE,FALSE,Clancy,R,196343,47.72,FALSE,FALSE
VA 11,Connolly,D,273529,66.99,TRUE,TRUE,FALSE,Van Meter,R,134802,33.01,FALSE,FALSE
VT 01,Balint,D,218398,62.46,TRUE,TRUE,FALSE,Coester,R,104451,29.87,FALSE,FALSE
WA 01,DelBene,D,227213,63.16,TRUE,TRUE,FALSE,Brewer,R,132538,36.84,FALSE,FALSE
WA 02,Larsen,D,263750,64.03,TRUE,TRUE,FALSE,Hart,R,148167,35.97,FALSE,FALSE
WA 03,Gluesenkamp Perez,D,215177,51.95,TRUE,TRUE,FALSE,Kent,R,199054,48.05,FALSE,FALSE
WA 04,Newhouse,R,153477,52.99,TRUE,TRUE,FALSE,Sessler,R,136175,47.01,FALSE,FALSE
WA 05,Baumgartner,R,240619,60.66,TRUE,FALSE,FALSE,Conroy,D,156074,39.34,FALSE,FALSE
WA 06,Randall,D,239687,56.82,TRUE,FALSE,FALSE,MacEwen,R,182182,43.18,FALSE,FALSE
WA 07,Jayapal,D,352286,84.18,TRUE,TRUE,FALSE,Alexander,R,66220,15.82,FALSE,FALSE
WA 08,Schrier,D,224607,54.09,TRUE,TRUE,FALSE,Goers,R,190675,45.91,FALSE,FALSE
WA 09,Smith,D,182780,66.86,TRUE,TRUE,FALSE,Chaudhry,D,90601,33.14,FALSE,FALSE
WA 10,Strickland,D,203732,58.67,TRUE,TRUE,FALSE,Hewett,R,143492,41.33,FALSE,FALSE
WI 01,Steil,R,212515,54.06,TRUE,TRUE,FALSE,Barca,D,172402,43.86,FALSE,FALSE
WI 02,Pocan,D,320317,70.14,TRUE,TRUE,FALSE,Olsen,R,136357,29.86,FALSE,FALSE
WI 03,Van Orden,R,212064,51.36,TRUE,TRUE,FALSE,Cooke,D,200808,48.64,FALSE,FALSE
WI 04,Moore,D,249938,74.91,TRUE,TRUE,FALSE,Rogers,R,74921,22.45,FALSE,FALSE
WI 05,Fitzgerald,R,300521,64.47,TRUE,TRUE,FALSE,Steinhoff,D,165653,35.53,FALSE,FALSE
WI 06,Grothman,R,251889,61.3,TRUE,TRUE,FALSE,Zarbano,D,159042,38.7,FALSE,FALSE
WI 07,Tiffany,R,273553,63.61,TRUE,TRUE,FALSE,Kilbourn,D,156524,36.39,FALSE,FALSE
WI 08,Wied,R,240040,57.33,TRUE,FALSE,FALSE,Lyerly,D,178666,42.67,FALSE,FALSE
WV 01,Miller,R,228491,66.39,TRUE,TRUE,FALSE,Reed,D,90038,26.16,FALSE,FALSE
WV 02,Moore,R,268190,70.77,TRUE,FALSE,FALSE,Wendelin,D,110775,29.23,FALSE,FALSE
WY 01,Hageman,R,184680,71.02,TRUE,TRUE,FALSE,Cameron,D,60778,23.37,FALSE,FALSE
